Motivo;Modulo;Target_id;relacao_conserv_dmel;status;Gene_Symbol
C2-M4;ME3W;406068;nao;TFBS_identificado;Oamb
C2-M5;ME3W;406068;nao;TFBS_identificado;Oamb
M10;ME3W;406068;nao;Predited_only;Oamb
M11;ME3W;406068;nao;Predited_only;Oamb
M6;ME3W;406068;nao;Predited_only;Oamb
M8;ME3W;406068;nao;Predited_only;Oamb
M9;ME3W;406068;nao;Predited_only;Oamb
C2-M4;ME3W;406072;nao;TFBS_identificado;Ih
C2-M5;ME3W;406072;nao;TFBS_identificado;Ih
C2-M7;ME3W;406072;nao;TFBS_identificado;Ih
M11;ME3W;406072;nao;Predited_only;Ih
M13;ME3W;406072;nao;Predited_only;Ih
M6;ME3W;406072;nao;Predited_only;Ih
M8;ME3W;406072;nao;Predited_only;Ih
M9;ME3W;406072;nao;Predited_only;Ih
C2-M3;ME1W;406075;sim;TFBS_identificado;Ant
M2;ME1W;406075;nao;Predited_only;Ant
C2-M3;ME1W;406099;sim;TFBS_identificado;RpL32
M4;ME1W;406108;nao;Predited_only;Tspan6
C2-M3;ME1W;406120;nao;TFBS_identificado;RpLP1
C2-M3;ME1W;406131;nao;TFBS_identificado;Hbg3
C2-M3;ME1W;406132;nao;TFBS_identificado;His4r
M5;ME1W;406132;nao;Predited_only;His4r
C2-M4;ME3W;406148;nao;TFBS_identificado;nAChRa7
C2-M5;ME3W;406148;nao;TFBS_identificado;nAChRa7
C2-M7;ME3W;406148;nao;TFBS_identificado;nAChRa7
M10;ME3W;406148;nao;Predited_only;nAChRa7
M11;ME3W;406148;nao;Predited_only;nAChRa7
M12;ME3W;406148;nao;Predited_only;nAChRa7
M13;ME3W;406148;nao;Predited_only;nAChRa7
M6;ME3W;406148;nao;Predited_only;nAChRa7
M7;ME3W;406148;nao;Predited_only;nAChRa7
M8;ME3W;406148;nao;Predited_only;nAChRa7
M9;ME3W;406148;nao;Predited_only;nAChRa7
C2-M3;ME1W;406152;nao;TFBS_identificado;Jheh1
C2-M5;ME3W;406153;nao;TFBS_identificado;nAChRalpha2
C2-M7;ME3W;406153;nao;TFBS_identificado;nAChRalpha2
M10;ME3W;406153;nao;Predited_only;nAChRalpha2
M11;ME3W;406153;nao;Predited_only;nAChRalpha2
M12;ME3W;406153;nao;Predited_only;nAChRalpha2
M13;ME3W;406153;nao;Predited_only;nAChRalpha2
M6;ME3W;406153;nao;Predited_only;nAChRalpha2
M7;ME3W;406153;nao;Predited_only;nAChRalpha2
M8;ME3W;406153;nao;Predited_only;nAChRalpha2
M9;ME3W;406153;nao;Predited_only;nAChRalpha2
C2-M3;ME1W;406154;sim;TFBS_identificado;PRF
C2-M3;ME1W;408288;nao;TFBS_identificado;408288
C2-M3;ME1W;408304;sim;TFBS_identificado;nudC
C2-M3;ME1W;408308;nao;TFBS_identificado;Chchd2
C2-M3;ME1W;408367;sim;TFBS_identificado;ND-51
C2-M3;ME1W;408368;sim;TFBS_identificado;Ahcy
C2-M3;ME1W;408400;sim;TFBS_identificado;408400
C2-M3;ME1W;408407;nao;TFBS_identificado;408407
C2-M3;ME1W;408426;sim;TFBS_identificado;Ppt2
C2-M5;ME3W;408435;nao;TFBS_identificado;pdm3
C2-M7;ME3W;408435;nao;TFBS_identificado;pdm3
M10;ME3W;408435;nao;Predited_only;pdm3
M12;ME3W;408435;nao;Predited_only;pdm3
M13;ME3W;408435;nao;Predited_only;pdm3
M6;ME3W;408435;nao;Predited_only;pdm3
M7;ME3W;408435;nao;Predited_only;pdm3
M8;ME3W;408435;nao;Predited_only;pdm3
M9;ME3W;408435;nao;Predited_only;pdm3
C2-M4;ME3W;408438;nao;TFBS_identificado;chico
C2-M7;ME3W;408438;nao;TFBS_identificado;chico
M10;ME3W;408438;nao;Predited_only;chico
M12;ME3W;408438;nao;Predited_only;chico
M13;ME3W;408438;nao;Predited_only;chico
M6;ME3W;408438;nao;Predited_only;chico
M7;ME3W;408438;nao;Predited_only;chico
M8;ME3W;408438;nao;Predited_only;chico
M9;ME3W;408438;nao;Predited_only;chico
C2-M5;ME3W;408442;nao;TFBS_identificado;tkv
M10;ME3W;408442;nao;Predited_only;tkv
M6;ME3W;408442;nao;Predited_only;tkv
M9;ME3W;408442;nao;Predited_only;tkv
M11;ME3W;408444;nao;Predited_only;Myo10A
M13;ME3W;408444;nao;Predited_only;Myo10A
M6;ME3W;408444;nao;Predited_only;Myo10A
M7;ME3W;408444;nao;Predited_only;Myo10A
M8;ME3W;408444;nao;Predited_only;Myo10A
M9;ME3W;408444;nao;Predited_only;Myo10A
C2-M3;ME1W;408477;sim;TFBS_identificado;ND-SGDH
C2-M5;ME3W;408500;nao;TFBS_identificado;Nep3
C2-M7;ME3W;408500;nao;TFBS_identificado;Nep3
M10;ME3W;408500;nao;Predited_only;Nep3
M11;ME3W;408500;nao;Predited_only;Nep3
M13;ME3W;408500;nao;Predited_only;Nep3
M6;ME3W;408500;nao;Predited_only;Nep3
M7;ME3W;408500;nao;Predited_only;Nep3
M9;ME3W;408500;nao;Predited_only;Nep3
C2-M3;ME1W;408515;sim;TFBS_identificado;RpL26
C2-M3;ME1W;408516;sim;TFBS_identificado;408516
C2-M3;ME1W;408526;sim;TFBS_identificado;RpL4
C2-M4;ME3W;408528;nao;TFBS_identificado;408528
C2-M5;ME3W;408528;nao;TFBS_identificado;408528
C2-M7;ME3W;408528;nao;TFBS_identificado;408528
M10;ME3W;408528;nao;Predited_only;408528
M11;ME3W;408528;nao;Predited_only;408528
M13;ME3W;408528;nao;Predited_only;408528
M6;ME3W;408528;nao;Predited_only;408528
M7;ME3W;408528;nao;Predited_only;408528
M8;ME3W;408528;nao;Predited_only;408528
M9;ME3W;408528;nao;Predited_only;408528
C2-M3;ME1W;408531;sim;TFBS_identificado;408531
M1;ME1W;408540;nao;Predited_only;Tpx-3
C2-M3;ME1W;408573;sim;TFBS_identificado;eIF6
M2;ME1W;408596;nao;Predited_only;Cralbp
M14;ME6W;408598;nao;Predited_only;metro
C2-M3;ME1W;408654;sim;TFBS_identificado;Pdhb
M4;ME1W;408654;nao;Predited_only;Pdhb
C1-M5;M4W;408686;nao;TFBS_identificado;408686
M14;ME6W;408780;nao;Predited_only;408780
C2-M3;ME1W;408788;sim;TFBS_identificado;Ugt36D1
C2-M4;ME3W;408803;nao;TFBS_identificado;408803
C2-M5;ME3W;408803;nao;TFBS_identificado;408803
M12;ME3W;408803;nao;Predited_only;408803
M13;ME3W;408803;nao;Predited_only;408803
M6;ME3W;408803;nao;Predited_only;408803
M8;ME3W;408803;nao;Predited_only;408803
M9;ME3W;408803;nao;Predited_only;408803
C2-M3;ME1W;408819;sim;TFBS_identificado;408819
M3;ME1W;408819;nao;Predited_only;408819
C2-M3;ME1W;408837;sim;TFBS_identificado;COX5A
C2-M3;ME1W;408871;nao;TFBS_identificado;Sodh2
M1;ME1W;408871;nao;Predited_only;Sodh2
C2-M4;ME3W;408874;sim;TFBS_identificado;kmr
C2-M5;ME3W;408874;nao;TFBS_identificado;kmr
C2-M7;ME3W;408874;nao;TFBS_identificado;kmr
M10;ME3W;408874;nao;Predited_only;kmr
M11;ME3W;408874;nao;Predited_only;kmr
M13;ME3W;408874;nao;Predited_only;kmr
M6;ME3W;408874;nao;Predited_only;kmr
M7;ME3W;408874;nao;Predited_only;kmr
M8;ME3W;408874;nao;Predited_only;kmr
M9;ME3W;408874;nao;Predited_only;kmr
M14;ME6W;408903;nao;Predited_only;408903
C2-M3;ME1W;408909;sim;TFBS_identificado;ND-20
C2-M4;ME3W;408915;nao;TFBS_identificado;408915
C2-M5;ME3W;408915;nao;TFBS_identificado;408915
C2-M7;ME3W;408915;nao;TFBS_identificado;408915
M10;ME3W;408915;nao;Predited_only;408915
M11;ME3W;408915;nao;Predited_only;408915
M13;ME3W;408915;nao;Predited_only;408915
M6;ME3W;408915;nao;Predited_only;408915
M7;ME3W;408915;nao;Predited_only;408915
M9;ME3W;408915;nao;Predited_only;408915
C2-M3;ME1W;408950;sim;TFBS_identificado;Mdh2
M2;ME1W;408950;nao;Predited_only;Mdh2
C2-M3;ME1W;408982;sim;TFBS_identificado;elm
M4;ME1W;408983;nao;Predited_only;Sec23
C2-M4;ME3W;409001;sim;TFBS_identificado;DAAM
C2-M5;ME3W;409001;nao;TFBS_identificado;DAAM
C2-M7;ME3W;409001;nao;TFBS_identificado;DAAM
M10;ME3W;409001;nao;Predited_only;DAAM
M11;ME3W;409001;nao;Predited_only;DAAM
M12;ME3W;409001;nao;Predited_only;DAAM
M6;ME3W;409001;nao;Predited_only;DAAM
M7;ME3W;409001;nao;Predited_only;DAAM
M8;ME3W;409001;nao;Predited_only;DAAM
M9;ME3W;409001;nao;Predited_only;DAAM
C2-M4;ME3W;409012;nao;TFBS_identificado;brp
C2-M5;ME3W;409012;nao;TFBS_identificado;brp
C2-M7;ME3W;409012;nao;TFBS_identificado;brp
M10;ME3W;409012;nao;Predited_only;brp
M11;ME3W;409012;nao;Predited_only;brp
M12;ME3W;409012;nao;Predited_only;brp
M13;ME3W;409012;nao;Predited_only;brp
M6;ME3W;409012;nao;Predited_only;brp
M7;ME3W;409012;nao;Predited_only;brp
M9;ME3W;409012;nao;Predited_only;brp
C2-M3;ME1W;409015;nao;TFBS_identificado;eEF1delta
C2-M5;ME3W;409018;nao;TFBS_identificado;Para
M10;ME3W;409018;nao;Predited_only;Para
M6;ME3W;409018;nao;Predited_only;Para
M8;ME3W;409018;nao;Predited_only;Para
C2-M3;ME1W;409023;sim;TFBS_identificado;409023
C2-M3;ME1W;409025;nao;TFBS_identificado;Karl
M2;ME1W;409025;nao;Predited_only;Karl
C2-M3;ME1W;409026;sim;TFBS_identificado;bai
C2-M7;ME3W;409038;nao;TFBS_identificado;409038
M10;ME3W;409038;nao;Predited_only;409038
M6;ME3W;409038;nao;Predited_only;409038
M7;ME3W;409038;nao;Predited_only;409038
C2-M4;ME3W;409061;nao;TFBS_identificado;Cad96Ca
C2-M7;ME3W;409061;nao;TFBS_identificado;Cad96Ca
M10;ME3W;409061;nao;Predited_only;Cad96Ca
M11;ME3W;409061;nao;Predited_only;Cad96Ca
M12;ME3W;409061;nao;Predited_only;Cad96Ca
M13;ME3W;409061;nao;Predited_only;Cad96Ca
M6;ME3W;409061;nao;Predited_only;Cad96Ca
M7;ME3W;409061;nao;Predited_only;Cad96Ca
M8;ME3W;409061;nao;Predited_only;Cad96Ca
C2-M3;ME1W;409074;sim;TFBS_identificado;VhaPPA1-1
C2-M3;ME1W;409090;nao;TFBS_identificado;409090
M4;ME1W;409090;nao;Predited_only;409090
M14;ME6W;409091;nao;Predited_only;409091
C2-M3;ME1W;409097;nao;TFBS_identificado;MsrA
C2-M5;ME3W;409108;nao;TFBS_identificado;RhoGEF3
C2-M7;ME3W;409108;nao;TFBS_identificado;RhoGEF3
M10;ME3W;409108;nao;Predited_only;RhoGEF3
M11;ME3W;409108;nao;Predited_only;RhoGEF3
M6;ME3W;409108;nao;Predited_only;RhoGEF3
M8;ME3W;409108;nao;Predited_only;RhoGEF3
M9;ME3W;409108;nao;Predited_only;RhoGEF3
C2-M3;ME1W;409114;sim;TFBS_identificado;blw
C2-M3;ME1W;409124;nao;TFBS_identificado;cv
C2-M3;ME1W;409129;nao;TFBS_identificado;mRpS10
C2-M3;ME1W;409130;sim;TFBS_identificado;IscU
M1;ME1W;409130;nao;Predited_only;IscU
C2-M3;ME1W;409141;sim;TFBS_identificado;409141
C2-M3;ME1W;409145;sim;TFBS_identificado;Zip102B
C2-M3;ME1W;409148;sim;TFBS_identificado;ATPsynC
C2-M3;ME1W;409150;sim;TFBS_identificado;Echs1
C2-M3;ME1W;409155;sim;TFBS_identificado;409155
M4;ME1W;409155;nao;Predited_only;409155
C2-M3;ME1W;409183;nao;TFBS_identificado;409183
C1-M5;M4W;409184;nao;TFBS_identificado;409184
C2-M3;ME1W;409189;nao;TFBS_identificado;Mics1
C2-M3;ME1W;409196;nao;TFBS_identificado;409196
M3;ME1W;409201;nao;Predited_only;Apt1
C2-M3;ME1W;409202;sim;TFBS_identificado;RpS9
C2-M3;ME1W;409224;nao;TFBS_identificado;Coq7
C1-M5;M4W;409226;nao;TFBS_identificado;casp
C2-M7;ME3W;409291;nao;TFBS_identificado;409291
M10;ME3W;409291;nao;Predited_only;409291
M8;ME3W;409291;nao;Predited_only;409291
C2-M3;ME1W;409294;sim;TFBS_identificado;RpL23
C2-M3;ME1W;409306;nao;TFBS_identificado;BckdhB
C2-M3;ME1W;409308;nao;TFBS_identificado;409308
C2-M3;ME1W;409326;sim;TFBS_identificado;RpS2
M5;ME1W;409326;nao;Predited_only;RpS2
C1-M5;M4W;409351;nao;TFBS_identificado;ICA69
C2-M3;ME1W;409356;sim;TFBS_identificado;SmB
C2-M3;ME1W;409379;sim;TFBS_identificado;eIF4H1
M1;ME1W;409379;nao;Predited_only;eIF4H1
M4;ME1W;409379;nao;Predited_only;eIF4H1
C2-M3;ME1W;409386;sim;TFBS_identificado;ben
C2-M3;ME1W;409397;sim;TFBS_identificado;twr
C2-M3;ME1W;409398;nao;TFBS_identificado;Sod1
C2-M3;ME1W;409405;sim;TFBS_identificado;Det
C2-M3;ME1W;409406;nao;TFBS_identificado;Ntf-2
M4;ME1W;409406;nao;Predited_only;Ntf-2
C2-M3;ME1W;409409;nao;TFBS_identificado;409409
M5;ME1W;409409;nao;Predited_only;409409
C2-M3;ME1W;409418;sim;TFBS_identificado;Hsc70-4
M4;ME1W;409418;nao;Predited_only;Hsc70-4
C2-M3;ME1W;409420;sim;TFBS_identificado;Cox11
M4;ME1W;409420;nao;Predited_only;Cox11
C2-M3;ME1W;409450;sim;TFBS_identificado;Rack1
C2-M3;ME1W;409451;sim;TFBS_identificado;Trx2
C2-M3;ME1W;409473;nao;TFBS_identificado;ND-19
C2-M3;ME1W;409481;sim;TFBS_identificado;Arf79F
M4;ME1W;409481;nao;Predited_only;Arf79F
C2-M3;ME1W;409488;nao;TFBS_identificado;409488
C2-M3;ME1W;409489;nao;TFBS_identificado;Aps
M4;ME1W;409489;nao;Predited_only;Aps
C2-M3;ME1W;409500;nao;TFBS_identificado;mge
M4;ME1W;409500;nao;Predited_only;mge
C2-M3;ME1W;409528;sim;TFBS_identificado;RpL7A
M4;ME1W;409528;nao;Predited_only;RpL7A
C2-M3;ME1W;409549;sim;TFBS_identificado;SdhC
M3;ME1W;409549;nao;Predited_only;SdhC
C2-M3;ME1W;409552;nao;TFBS_identificado;RpS10b
C2-M3;ME1W;409571;nao;TFBS_identificado;Grasp65
C2-M3;ME1W;409586;sim;TFBS_identificado;ND-B22
C2-M3;ME1W;409589;sim;TFBS_identificado;RpL10
M3;ME1W;409589;nao;Predited_only;RpL10
C2-M3;ME1W;409599;sim;TFBS_identificado;RpL35A
M4;ME1W;409599;nao;Predited_only;RpL35A
C2-M3;ME1W;409613;sim;TFBS_identificado;Sar1
C2-M3;ME1W;409614;nao;TFBS_identificado;GXIVsPLA2
C2-M3;ME1W;409622;sim;TFBS_identificado;409622
C2-M3;ME1W;409628;sim;TFBS_identificado;CDase
C1-M5;M4W;409639;nao;TFBS_identificado;409639
C2-M3;ME1W;409645;nao;TFBS_identificado;409645
M14;ME6W;409665;nao;Predited_only;409665
C2-M4;ME3W;409674;nao;TFBS_identificado;409674
C2-M7;ME3W;409674;nao;TFBS_identificado;409674
M10;ME3W;409674;nao;Predited_only;409674
M11;ME3W;409674;nao;Predited_only;409674
M12;ME3W;409674;nao;Predited_only;409674
M13;ME3W;409674;nao;Predited_only;409674
M6;ME3W;409674;nao;Predited_only;409674
M7;ME3W;409674;nao;Predited_only;409674
M8;ME3W;409674;nao;Predited_only;409674
M9;ME3W;409674;nao;Predited_only;409674
C2-M3;ME1W;409699;nao;TFBS_identificado;409699
M14;ME6W;409715;nao;Predited_only;NKCC
C2-M3;ME1W;409723;sim;TFBS_identificado;tko
C2-M3;ME1W;409726;sim;TFBS_identificado;Fic
M5;ME1W;409726;nao;Predited_only;Fic
C2-M3;ME1W;409749;nao;TFBS_identificado;MED31
M4;ME1W;409749;nao;Predited_only;MED31
M12;ME3W;409771;nao;Predited_only;409771
M6;ME3W;409771;nao;Predited_only;409771
M7;ME3W;409771;nao;Predited_only;409771
C2-M3;ME1W;409773;sim;TFBS_identificado;Fdh
C2-M3;ME1W;409790;sim;TFBS_identificado;409790
C2-M3;ME1W;409796;sim;TFBS_identificado;eIF3j
C2-M3;ME1W;409802;nao;TFBS_identificado;Prosalpha2
C1-M5;M4W;409806;nao;TFBS_identificado;IntS12
C2-M3;ME1W;409814;sim;TFBS_identificado;409814
M4;ME1W;409814;nao;Predited_only;409814
C2-M3;ME1W;409825;nao;TFBS_identificado;CCT5
C2-M4;ME3W;409829;nao;TFBS_identificado;409829
C2-M5;ME3W;409829;nao;TFBS_identificado;409829
C2-M7;ME3W;409829;nao;TFBS_identificado;409829
M11;ME3W;409829;nao;Predited_only;409829
M6;ME3W;409829;nao;Predited_only;409829
M7;ME3W;409829;nao;Predited_only;409829
M8;ME3W;409829;nao;Predited_only;409829
M9;ME3W;409829;nao;Predited_only;409829
C2-M3;ME1W;409831;sim;TFBS_identificado;Prosbeta1
C2-M3;ME1W;409832;sim;TFBS_identificado;RpL18A
C2-M3;ME1W;409861;sim;TFBS_identificado;awd
M4;ME1W;409861;nao;Predited_only;awd
M3;ME1W;409862;nao;Predited_only;SC35
C2-M3;ME1W;409870;sim;TFBS_identificado;Spp
C2-M3;ME1W;409890;sim;TFBS_identificado;Cyp1
C2-M3;ME1W;409899;nao;TFBS_identificado;409899
C2-M3;ME1W;409920;sim;TFBS_identificado;Uev1A
C2-M3;ME1W;409926;nao;TFBS_identificado;mRpL12
C2-M3;ME1W;409930;sim;TFBS_identificado;ATPsynF
M4;ME1W;409930;nao;Predited_only;ATPsynF
C2-M3;ME1W;409932;sim;TFBS_identificado;sbm
C2-M3;ME1W;409934;nao;TFBS_identificado;Vap33
C2-M3;ME1W;409954;sim;TFBS_identificado;Prx2
C2-M3;ME1W;409961;sim;TFBS_identificado;Hrb27C
M4;ME1W;409961;nao;Predited_only;Hrb27C
C2-M3;ME1W;409976;nao;TFBS_identificado;loj
C2-M3;ME1W;410017;nao;TFBS_identificado;410017
C2-M3;ME1W;410022;nao;TFBS_identificado;UQCR-C1
C2-M3;ME1W;410030;sim;TFBS_identificado;Sec13
C2-M4;ME3W;410035;nao;TFBS_identificado;sog
C2-M5;ME3W;410035;nao;TFBS_identificado;sog
C2-M7;ME3W;410035;nao;TFBS_identificado;sog
M11;ME3W;410035;nao;Predited_only;sog
M12;ME3W;410035;nao;Predited_only;sog
M13;ME3W;410035;nao;Predited_only;sog
M6;ME3W;410035;nao;Predited_only;sog
M7;ME3W;410035;nao;Predited_only;sog
M8;ME3W;410035;nao;Predited_only;sog
C2-M3;ME1W;410039;nao;TFBS_identificado;Nfs1
C2-M3;ME1W;410040;sim;TFBS_identificado;SF2
M3;ME1W;410040;nao;Predited_only;SF2
C2-M3;ME1W;410043;nao;TFBS_identificado;Odc1
C2-M3;ME1W;410062;sim;TFBS_identificado;410062
C2-M3;ME1W;410065;nao;TFBS_identificado;Cpap3-d
C2-M3;ME1W;410082;sim;TFBS_identificado;Sod2
M4;ME1W;410082;nao;Predited_only;Sod2
C2-M3;ME1W;410094;sim;TFBS_identificado;410094
C2-M3;ME1W;410100;nao;TFBS_identificado;eIF3b
C2-M3;ME1W;410120;sim;TFBS_identificado;410120
C2-M3;ME1W;410122;nao;TFBS_identificado;Gapdh1
C2-M3;ME1W;410128;sim;TFBS_identificado;410128
C2-M5;ME3W;410166;nao;TFBS_identificado;410166
C2-M7;ME3W;410166;nao;TFBS_identificado;410166
M10;ME3W;410166;nao;Predited_only;410166
M11;ME3W;410166;nao;Predited_only;410166
M12;ME3W;410166;nao;Predited_only;410166
M13;ME3W;410166;nao;Predited_only;410166
M7;ME3W;410166;nao;Predited_only;410166
M9;ME3W;410166;nao;Predited_only;410166
C2-M3;ME1W;410188;sim;TFBS_identificado;RpL8
C2-M3;ME1W;410218;nao;TFBS_identificado;Spase25
C2-M3;ME1W;410258;sim;TFBS_identificado;Sps1
M1;ME1W;410280;nao;Predited_only;Ran
M3;ME1W;410280;nao;Predited_only;Ran
M4;ME1W;410280;nao;Predited_only;Ran
C2-M3;ME1W;410296;nao;TFBS_identificado;410296
C2-M3;ME1W;410308;sim;TFBS_identificado;Etfb
C2-M4;ME3W;410309;sim;TFBS_identificado;E75
C2-M5;ME3W;410309;nao;TFBS_identificado;E75
C2-M7;ME3W;410309;nao;TFBS_identificado;E75
M10;ME3W;410309;nao;Predited_only;E75
M11;ME3W;410309;nao;Predited_only;E75
M12;ME3W;410309;nao;Predited_only;E75
M13;ME3W;410309;nao;Predited_only;E75
M6;ME3W;410309;nao;Predited_only;E75
M7;ME3W;410309;nao;Predited_only;E75
M8;ME3W;410309;nao;Predited_only;E75
M9;ME3W;410309;nao;Predited_only;E75
C2-M3;ME1W;410403;nao;TFBS_identificado;REG
C2-M3;ME1W;410420;sim;TFBS_identificado;410420
C2-M3;ME1W;410486;sim;TFBS_identificado;sta
M14;ME6W;410538;nao;Predited_only;410538
C1-M5;M4W;410556;nao;TFBS_identificado;410556
M14;ME6W;410600;nao;Predited_only;Meltrin
C2-M3;ME1W;410612;sim;TFBS_identificado;410612
C2-M3;ME1W;410636;sim;TFBS_identificado;Cisd2
M4;ME1W;410638;nao;Predited_only;Ddc
C2-M3;ME1W;410663;nao;TFBS_identificado;410663
C2-M3;ME1W;410678;sim;TFBS_identificado;mRpS11
C2-M3;ME1W;410740;sim;TFBS_identificado;410740
C2-M3;ME1W;410890;nao;TFBS_identificado;sel
M6;ME3W;410956;nao;Predited_only;nmo
C2-M5;ME3W;410967;nao;TFBS_identificado;E23
M10;ME3W;410967;nao;Predited_only;E23
M11;ME3W;410967;nao;Predited_only;E23
M12;ME3W;410967;nao;Predited_only;E23
M13;ME3W;410967;nao;Predited_only;E23
M6;ME3W;410967;nao;Predited_only;E23
M8;ME3W;410967;nao;Predited_only;E23
M9;ME3W;410967;nao;Predited_only;E23
C2-M3;ME1W;411014;nao;TFBS_identificado;Mdh1
M14;ME6W;411018;nao;Predited_only;411018
C2-M5;ME3W;411038;nao;TFBS_identificado;ec
C2-M7;ME3W;411038;nao;TFBS_identificado;ec
M6;ME3W;411038;nao;Predited_only;ec
M8;ME3W;411038;nao;Predited_only;ec
M9;ME3W;411038;nao;Predited_only;ec
C2-M4;ME3W;411078;nao;TFBS_identificado;side-VII
C2-M5;ME3W;411078;nao;TFBS_identificado;side-VII
C2-M7;ME3W;411078;nao;TFBS_identificado;side-VII
M10;ME3W;411078;nao;Predited_only;side-VII
M11;ME3W;411078;nao;Predited_only;side-VII
M13;ME3W;411078;nao;Predited_only;side-VII
M6;ME3W;411078;nao;Predited_only;side-VII
M7;ME3W;411078;nao;Predited_only;side-VII
M9;ME3W;411078;nao;Predited_only;side-VII
C2-M4;ME3W;411113;nao;TFBS_identificado;kcc
C2-M5;ME3W;411113;nao;TFBS_identificado;kcc
C2-M7;ME3W;411113;nao;TFBS_identificado;kcc
M10;ME3W;411113;nao;Predited_only;kcc
M11;ME3W;411113;nao;Predited_only;kcc
M13;ME3W;411113;nao;Predited_only;kcc
M6;ME3W;411113;nao;Predited_only;kcc
M7;ME3W;411113;nao;Predited_only;kcc
M8;ME3W;411113;nao;Predited_only;kcc
M9;ME3W;411113;nao;Predited_only;kcc
C2-M3;ME1W;411142;nao;TFBS_identificado;Slc25A46a
C2-M3;ME1W;411183;sim;TFBS_identificado;RFeSP
C2-M3;ME1W;411191;sim;TFBS_identificado;Polr3H
M4;ME1W;411191;nao;Predited_only;Polr3H
C2-M3;ME1W;411206;sim;TFBS_identificado;Prosbeta5
M2;ME1W;411231;nao;Predited_only;Tfb4
C2-M3;ME1W;411266;nao;TFBS_identificado;411266
C2-M3;ME1W;411269;nao;TFBS_identificado;411269
M1;ME1W;411269;nao;Predited_only;411269
M2;ME1W;411269;nao;Predited_only;411269
C2-M3;ME1W;411378;nao;TFBS_identificado;411378
C2-M3;ME1W;411380;sim;TFBS_identificado;RpL30
C2-M3;ME1W;411385;nao;TFBS_identificado;411385
M1;ME1W;411385;nao;Predited_only;411385
C2-M3;ME1W;411411;sim;TFBS_identificado;ND-30
C2-M3;ME1W;411423;nao;TFBS_identificado;411423
M14;ME6W;411490;nao;Predited_only;fdl
C2-M3;ME1W;411493;nao;TFBS_identificado;411493
C2-M3;ME1W;411515;sim;TFBS_identificado;RpL36A
M2;ME1W;411515;nao;Predited_only;RpL36A
M5;ME1W;411515;nao;Predited_only;RpL36A
C2-M3;ME1W;411613;nao;TFBS_identificado;411613
C2-M4;ME3W;411617;nao;TFBS_identificado;411617
M6;ME3W;411617;nao;Predited_only;411617
M7;ME3W;411617;nao;Predited_only;411617
M8;ME3W;411617;nao;Predited_only;411617
M9;ME3W;411617;nao;Predited_only;411617
C2-M3;ME1W;411677;sim;TFBS_identificado;Mpc1
C2-M3;ME1W;411691;nao;TFBS_identificado;411691
C2-M3;ME1W;411695;sim;TFBS_identificado;Prosbeta6
C2-M3;ME1W;411732;sim;TFBS_identificado;411732
M4;ME1W;411732;nao;Predited_only;411732
C2-M4;ME3W;411748;nao;TFBS_identificado;411748
C2-M5;ME3W;411748;nao;TFBS_identificado;411748
C2-M7;ME3W;411748;nao;TFBS_identificado;411748
M10;ME3W;411748;nao;Predited_only;411748
M11;ME3W;411748;nao;Predited_only;411748
M13;ME3W;411748;nao;Predited_only;411748
M6;ME3W;411748;nao;Predited_only;411748
M7;ME3W;411748;nao;Predited_only;411748
M9;ME3W;411748;nao;Predited_only;411748
C2-M3;ME1W;411924;nao;TFBS_identificado;mRpS25
C2-M3;ME1W;411936;sim;TFBS_identificado;Pfdn5
C2-M4;ME3W;411958;nao;TFBS_identificado;411958
C2-M5;ME3W;411958;nao;TFBS_identificado;411958
C2-M7;ME3W;411958;nao;TFBS_identificado;411958
M10;ME3W;411958;nao;Predited_only;411958
M12;ME3W;411958;nao;Predited_only;411958
M6;ME3W;411958;nao;Predited_only;411958
M9;ME3W;411958;nao;Predited_only;411958
C2-M3;ME1W;412127;sim;TFBS_identificado;412127
C2-M3;ME1W;412141;nao;TFBS_identificado;Ostgamma
C2-M3;ME1W;412193;nao;TFBS_identificado;412193
M6;ME3W;412215;nao;Predited_only;kkv
C2-M3;ME1W;412304;nao;TFBS_identificado;DHRS4
C2-M3;ME1W;412328;nao;TFBS_identificado;ND-13A
C2-M3;ME1W;412349;sim;TFBS_identificado;EMC4
C2-M5;ME3W;412354;nao;TFBS_identificado;RhoGEF64C
C2-M7;ME3W;412354;nao;TFBS_identificado;RhoGEF64C
M11;ME3W;412354;nao;Predited_only;RhoGEF64C
M13;ME3W;412354;nao;Predited_only;RhoGEF64C
M6;ME3W;412354;nao;Predited_only;RhoGEF64C
M7;ME3W;412354;nao;Predited_only;RhoGEF64C
M8;ME3W;412354;nao;Predited_only;RhoGEF64C
M9;ME3W;412354;nao;Predited_only;RhoGEF64C
C2-M3;ME1W;412388;nao;TFBS_identificado;Rcd-1
C2-M3;ME1W;412396;sim;TFBS_identificado;COX4
C2-M3;ME1W;412526;nao;TFBS_identificado;CaBP1
C2-M3;ME1W;412549;nao;TFBS_identificado;mRpL17
C2-M3;ME1W;412602;sim;TFBS_identificado;pAbp
C1-M5;M4W;412617;nao;TFBS_identificado;412617
C2-M5;ME3W;412739;nao;TFBS_identificado;robo1
C2-M7;ME3W;412739;nao;TFBS_identificado;robo1
M10;ME3W;412739;nao;Predited_only;robo1
M11;ME3W;412739;nao;Predited_only;robo1
M13;ME3W;412739;nao;Predited_only;robo1
M6;ME3W;412739;nao;Predited_only;robo1
M7;ME3W;412739;nao;Predited_only;robo1
M9;ME3W;412739;nao;Predited_only;robo1
C2-M3;ME1W;412808;sim;TFBS_identificado;superdeath
M4;ME1W;412810;nao;Predited_only;Vha100-2
C2-M5;ME3W;412838;nao;TFBS_identificado;alpha-Man-IIb
C2-M7;ME3W;412838;nao;TFBS_identificado;alpha-Man-IIb
M10;ME3W;412838;nao;Predited_only;alpha-Man-IIb
M11;ME3W;412838;nao;Predited_only;alpha-Man-IIb
M13;ME3W;412838;nao;Predited_only;alpha-Man-IIb
M6;ME3W;412838;nao;Predited_only;alpha-Man-IIb
M7;ME3W;412838;nao;Predited_only;alpha-Man-IIb
M8;ME3W;412838;nao;Predited_only;alpha-Man-IIb
M9;ME3W;412838;nao;Predited_only;alpha-Man-IIb
C2-M3;ME1W;412923;nao;TFBS_identificado;Ass
M2;ME1W;412923;nao;Predited_only;Ass
C2-M3;ME1W;413053;sim;TFBS_identificado;wmd
M4;ME1W;413053;nao;Predited_only;wmd
M5;ME1W;413053;nao;Predited_only;wmd
C2-M3;ME1W;413098;nao;TFBS_identificado;413098
C2-M4;ME3W;413109;nao;TFBS_identificado;413109
C2-M5;ME3W;413109;nao;TFBS_identificado;413109
C2-M7;ME3W;413109;nao;TFBS_identificado;413109
M10;ME3W;413109;nao;Predited_only;413109
M11;ME3W;413109;nao;Predited_only;413109
M13;ME3W;413109;nao;Predited_only;413109
M6;ME3W;413109;nao;Predited_only;413109
M7;ME3W;413109;nao;Predited_only;413109
M8;ME3W;413109;nao;Predited_only;413109
M9;ME3W;413109;nao;Predited_only;413109
C2-M3;ME1W;413137;sim;TFBS_identificado;RpL15
C2-M3;ME1W;413145;sim;TFBS_identificado;eIF3f1
C2-M4;ME3W;413170;sim;TFBS_identificado;Klp98A
C2-M5;ME3W;413170;nao;TFBS_identificado;Klp98A
C2-M7;ME3W;413170;nao;TFBS_identificado;Klp98A
M10;ME3W;413170;nao;Predited_only;Klp98A
M11;ME3W;413170;nao;Predited_only;Klp98A
M13;ME3W;413170;nao;Predited_only;Klp98A
M6;ME3W;413170;nao;Predited_only;Klp98A
M7;ME3W;413170;nao;Predited_only;Klp98A
M8;ME3W;413170;nao;Predited_only;Klp98A
M9;ME3W;413170;nao;Predited_only;Klp98A
C2-M3;ME1W;413186;sim;TFBS_identificado;413186
C2-M3;ME1W;413213;nao;TFBS_identificado;413213
M2;ME1W;413213;nao;Predited_only;413213
M4;ME1W;413266;nao;Predited_only;413266
C2-M3;ME1W;413311;sim;TFBS_identificado;sturkopf
C2-M5;ME3W;413382;nao;TFBS_identificado;SKIP
C2-M7;ME3W;413382;nao;TFBS_identificado;SKIP
M10;ME3W;413382;nao;Predited_only;SKIP
M11;ME3W;413382;nao;Predited_only;SKIP
M13;ME3W;413382;nao;Predited_only;SKIP
M6;ME3W;413382;nao;Predited_only;SKIP
M7;ME3W;413382;nao;Predited_only;SKIP
M8;ME3W;413382;nao;Predited_only;SKIP
C2-M3;ME1W;413394;nao;TFBS_identificado;Sec22
C2-M3;ME1W;413398;sim;TFBS_identificado;mRpL32
M1;ME1W;413398;nao;Predited_only;mRpL32
C2-M5;ME3W;413410;nao;TFBS_identificado;siz
C2-M7;ME3W;413410;nao;TFBS_identificado;siz
M10;ME3W;413410;nao;Predited_only;siz
M12;ME3W;413410;nao;Predited_only;siz
M6;ME3W;413410;nao;Predited_only;siz
M7;ME3W;413410;nao;Predited_only;siz
M8;ME3W;413410;nao;Predited_only;siz
M9;ME3W;413410;nao;Predited_only;siz
C2-M5;ME3W;413440;nao;TFBS_identificado;kibra
C2-M7;ME3W;413440;nao;TFBS_identificado;kibra
M10;ME3W;413440;nao;Predited_only;kibra
M12;ME3W;413440;nao;Predited_only;kibra
M13;ME3W;413440;nao;Predited_only;kibra
M6;ME3W;413440;nao;Predited_only;kibra
C2-M3;ME1W;413470;sim;TFBS_identificado;RpL17
C2-M4;ME3W;413474;sim;TFBS_identificado;Hr39
C2-M5;ME3W;413474;nao;TFBS_identificado;Hr39
M10;ME3W;413474;nao;Predited_only;Hr39
M11;ME3W;413474;nao;Predited_only;Hr39
M12;ME3W;413474;nao;Predited_only;Hr39
M13;ME3W;413474;nao;Predited_only;Hr39
M6;ME3W;413474;nao;Predited_only;Hr39
M9;ME3W;413474;nao;Predited_only;Hr39
C2-M3;ME1W;413486;sim;TFBS_identificado;Cyt-b5
M14;ME6W;413501;nao;Predited_only;Wnt6
C2-M4;ME3W;413504;nao;TFBS_identificado;msn
C2-M5;ME3W;413504;nao;TFBS_identificado;msn
M10;ME3W;413504;nao;Predited_only;msn
M11;ME3W;413504;nao;Predited_only;msn
M6;ME3W;413504;nao;Predited_only;msn
C2-M3;ME1W;413517;nao;TFBS_identificado;Mpcp1
M3;ME1W;413517;nao;Predited_only;Mpcp1
C2-M3;ME1W;413567;nao;TFBS_identificado;413567
C2-M3;ME1W;413605;nao;TFBS_identificado;Cyt-c1
C2-M3;ME1W;413627;nao;TFBS_identificado;413627
C2-M3;ME1W;413655;nao;TFBS_identificado;413655
C2-M3;ME1W;413708;nao;TFBS_identificado;Pbgs
C2-M3;ME1W;413714;nao;TFBS_identificado;l(2)k14505
C2-M3;ME1W;413749;sim;TFBS_identificado;Spn88Ea
M4;ME1W;413785;nao;Predited_only;Fkbp14
C2-M3;ME1W;413799;nao;TFBS_identificado;Tim17b
C2-M5;ME3W;413858;nao;TFBS_identificado;413858
C2-M7;ME3W;413858;nao;TFBS_identificado;413858
M10;ME3W;413858;nao;Predited_only;413858
M6;ME3W;413858;nao;Predited_only;413858
M7;ME3W;413858;nao;Predited_only;413858
M8;ME3W;413858;nao;Predited_only;413858
M9;ME3W;413858;nao;Predited_only;413858
C2-M3;ME1W;413875;sim;TFBS_identificado;RpL31
C2-M3;ME1W;413928;sim;TFBS_identificado;mRpL13
C2-M3;ME1W;413976;sim;TFBS_identificado;Der-2
C2-M3;ME1W;414039;nao;TFBS_identificado;SmD2
C2-M3;ME1W;494503;nao;TFBS_identificado;TpnC25D
C2-M3;ME1W;544670;nao;TFBS_identificado;EF1a-F2
C2-M3;ME1W;550651;sim;TFBS_identificado;RpS4
C2-M3;ME1W;550667;nao;TFBS_identificado;SdhA
C2-M3;ME1W;550711;sim;TFBS_identificado;RpLP0
C2-M3;ME1W;550715;sim;TFBS_identificado;RpL12
M4;ME1W;550715;nao;Predited_only;RpL12
C2-M3;ME1W;550734;sim;TFBS_identificado;Txl
C2-M3;ME1W;550785;sim;TFBS_identificado;Ald1
C2-M3;ME1W;550875;sim;TFBS_identificado;mbf1
M2;ME1W;550875;nao;Predited_only;mbf1
C2-M3;ME1W;550915;sim;TFBS_identificado;Sfxn2
M4;ME1W;550915;nao;Predited_only;Sfxn2
C2-M3;ME1W;550932;sim;TFBS_identificado;Argk1
M4;ME1W;550932;nao;Predited_only;Argk1
C2-M3;ME1W;550956;nao;TFBS_identificado;Naxd
C2-M5;ME3W;550964;nao;TFBS_identificado;550964
M10;ME3W;550964;nao;Predited_only;550964
M11;ME3W;550964;nao;Predited_only;550964
M6;ME3W;550964;nao;Predited_only;550964
M8;ME3W;550964;nao;Predited_only;550964
M9;ME3W;550964;nao;Predited_only;550964
C1-M5;M4W;550977;nao;TFBS_identificado;550977
C2-M5;ME3W;551071;nao;TFBS_identificado;tou
C2-M7;ME3W;551071;nao;TFBS_identificado;tou
M10;ME3W;551071;nao;Predited_only;tou
M11;ME3W;551071;nao;Predited_only;tou
M12;ME3W;551071;nao;Predited_only;tou
M13;ME3W;551071;nao;Predited_only;tou
M6;ME3W;551071;nao;Predited_only;tou
M7;ME3W;551071;nao;Predited_only;tou
M8;ME3W;551071;nao;Predited_only;tou
M9;ME3W;551071;nao;Predited_only;tou
C2-M3;ME1W;551078;sim;TFBS_identificado;ND-23
C2-M3;ME1W;551106;sim;TFBS_identificado;Ufc1
C2-M3;ME1W;551107;nao;TFBS_identificado;RpL9
C2-M3;ME1W;551125;sim;TFBS_identificado;RpS15Aa
C2-M3;ME1W;551157;sim;TFBS_identificado;Nacalpha
C2-M3;ME1W;551158;sim;TFBS_identificado;mRpS17
C2-M3;ME1W;551169;sim;TFBS_identificado;SdhB
C2-M4;ME3W;551259;nao;TFBS_identificado;sls
C2-M5;ME3W;551259;nao;TFBS_identificado;sls
C2-M7;ME3W;551259;nao;TFBS_identificado;sls
M10;ME3W;551259;nao;Predited_only;sls
M11;ME3W;551259;nao;Predited_only;sls
M13;ME3W;551259;nao;Predited_only;sls
M6;ME3W;551259;nao;Predited_only;sls
M7;ME3W;551259;nao;Predited_only;sls
M8;ME3W;551259;nao;Predited_only;sls
M9;ME3W;551259;nao;Predited_only;sls
C2-M7;ME3W;551263;nao;TFBS_identificado;551263
M8;ME3W;551263;nao;Predited_only;551263
C2-M3;ME1W;551282;nao;TFBS_identificado;551282
C2-M3;ME1W;551301;sim;TFBS_identificado;Shawn
M10;ME3W;551303;nao;Predited_only;551303
M6;ME3W;551303;nao;Predited_only;551303
M8;ME3W;551303;nao;Predited_only;551303
C2-M3;ME1W;551318;nao;TFBS_identificado;551318
M4;ME1W;551318;nao;Predited_only;551318
C2-M3;ME1W;551330;sim;TFBS_identificado;RpS3
C2-M3;ME1W;551347;nao;TFBS_identificado;551347
C2-M3;ME1W;551353;sim;TFBS_identificado;l(1)G0320
C2-M3;ME1W;551381;sim;TFBS_identificado;COX7B
M4;ME1W;551395;nao;Predited_only;Acat2
C2-M3;ME1W;551397;nao;TFBS_identificado;mRpS18A
C2-M3;ME1W;551403;sim;TFBS_identificado;Scsalpha1
C2-M3;ME1W;551418;sim;TFBS_identificado;RpL13A
C2-M3;ME1W;551442;nao;TFBS_identificado;Nubpl
C2-M3;ME1W;551459;sim;TFBS_identificado;Yif1
C2-M3;ME1W;551477;sim;TFBS_identificado;EMC6
C2-M3;ME1W;551479;nao;TFBS_identificado;RpS21
C2-M3;ME1W;551505;sim;TFBS_identificado;EMC3
C2-M3;ME1W;551541;nao;TFBS_identificado;551541
M5;ME1W;551541;nao;Predited_only;551541
C2-M3;ME1W;551559;nao;TFBS_identificado;SsRbeta
C2-M3;ME1W;551572;sim;TFBS_identificado;551572
C2-M3;ME1W;551606;nao;TFBS_identificado;551606
M1;ME1W;551606;nao;Predited_only;551606
C2-M3;ME1W;551619;sim;TFBS_identificado;551619
C2-M3;ME1W;551644;sim;TFBS_identificado;RpS15
C2-M3;ME1W;551648;nao;TFBS_identificado;Hex110
C2-M3;ME1W;551655;sim;TFBS_identificado;CkIIbeta
M1;ME1W;551655;nao;Predited_only;CkIIbeta
C2-M3;ME1W;551660;nao;TFBS_identificado;ND-ASHI
M1;ME1W;551660;nao;Predited_only;ND-ASHI
C2-M3;ME1W;551695;sim;TFBS_identificado;pen-2
C2-M3;ME1W;551707;sim;TFBS_identificado;RnpS1
C2-M3;ME1W;551710;nao;TFBS_identificado;wal
M1;ME1W;551710;nao;Predited_only;wal
C2-M3;ME1W;551723;sim;TFBS_identificado;551723
C2-M3;ME1W;551757;sim;TFBS_identificado;UQCR-14
C2-M3;ME1W;551766;sim;TFBS_identificado;ATPsynbeta
C2-M3;ME1W;551785;nao;TFBS_identificado;Pgls
M14;ME6W;551799;nao;Predited_only;551799
M2;ME1W;551806;nao;Predited_only;Eglp2
C2-M3;ME1W;551817;sim;TFBS_identificado;dod
C2-M3;ME1W;551839;sim;TFBS_identificado;Adi1
C2-M3;ME1W;551844;sim;TFBS_identificado;551844
C2-M4;ME3W;551848;nao;TFBS_identificado;stan
C2-M5;ME3W;551848;nao;TFBS_identificado;stan
C2-M7;ME3W;551848;nao;TFBS_identificado;stan
M6;ME3W;551848;nao;Predited_only;stan
M9;ME3W;551848;nao;Predited_only;stan
C2-M3;ME1W;551861;sim;TFBS_identificado;ATPsynE
M4;ME1W;551861;nao;Predited_only;ATPsynE
C2-M3;ME1W;551866;nao;TFBS_identificado;ND-39
C2-M3;ME1W;551867;sim;TFBS_identificado;RpS13
C2-M3;ME1W;551870;sim;TFBS_identificado;RpL36
C2-M3;ME1W;551882;sim;TFBS_identificado;dj-1beta
M14;ME6W;551895;nao;Predited_only;551895
C2-M3;ME1W;551944;sim;TFBS_identificado;Phb2
C2-M3;ME1W;551956;sim;TFBS_identificado;Prosalpha5
C2-M3;ME1W;551960;sim;TFBS_identificado;eIF3k
M3;ME1W;551960;nao;Predited_only;eIF3k
C2-M3;ME1W;551974;nao;TFBS_identificado;Dim1
C2-M3;ME1W;551975;nao;TFBS_identificado;Tpx-4
C2-M3;ME1W;551986;nao;TFBS_identificado;Dera
C2-M3;ME1W;551992;sim;TFBS_identificado;Fib
M1;ME1W;551992;nao;Predited_only;Fib
C2-M3;ME1W;552018;sim;TFBS_identificado;Trm1
C2-M3;ME1W;552050;nao;TFBS_identificado;552050
M1;ME1W;552050;nao;Predited_only;552050
C2-M3;ME1W;552051;sim;TFBS_identificado;Ost48
M2;ME1W;552051;nao;Predited_only;Ost48
C2-M3;ME1W;552076;nao;TFBS_identificado;spt4
C2-M3;ME1W;552097;sim;TFBS_identificado;mRpL14
C2-M3;ME1W;552106;sim;TFBS_identificado;RpS30
C2-M3;ME1W;552118;nao;TFBS_identificado;se
M1;ME1W;552118;nao;Predited_only;se
C2-M3;ME1W;552124;nao;TFBS_identificado;Tsp74F
C2-M3;ME1W;552134;sim;TFBS_identificado;Rfk
C2-M3;ME1W;552223;sim;TFBS_identificado;shv
C2-M3;ME1W;552227;sim;TFBS_identificado;Tapdelta
C2-M3;ME1W;552234;nao;TFBS_identificado;Surf4
C2-M3;ME1W;552260;sim;TFBS_identificado;LSm1
C2-M3;ME1W;552266;sim;TFBS_identificado;RpS12
C2-M3;ME1W;552272;sim;TFBS_identificado;RpS23
M4;ME1W;552272;nao;Predited_only;RpS23
C2-M3;ME1W;552282;nao;TFBS_identificado;BI-1
C2-M3;ME1W;552283;nao;TFBS_identificado;552283
C2-M3;ME1W;552295;sim;TFBS_identificado;552295
C2-M3;ME1W;552304;nao;TFBS_identificado;GstS1
M14;ME6W;552311;nao;Predited_only;552311
C2-M3;ME1W;552318;sim;TFBS_identificado;RpL27A
M1;ME1W;552320;nao;Predited_only;552320
M4;ME1W;552322;nao;Predited_only;552322
C2-M3;ME1W;552323;sim;TFBS_identificado;Srp14
C2-M3;ME1W;552343;sim;TFBS_identificado;Etf-QO
C2-M3;ME1W;552354;sim;TFBS_identificado;slmo
M2;ME1W;552354;nao;Predited_only;slmo
C2-M3;ME1W;552372;sim;TFBS_identificado;EMC8-9
C2-M3;ME1W;552377;sim;TFBS_identificado;mdy
C2-M3;ME1W;552424;sim;TFBS_identificado;ND-PDSW
C2-M3;ME1W;552429;nao;TFBS_identificado;Prx5
M1;ME1W;552429;nao;Predited_only;Prx5
C2-M3;ME1W;552445;sim;TFBS_identificado;RpL3
C2-M3;ME1W;552470;sim;TFBS_identificado;p23
C2-M3;ME1W;552475;nao;TFBS_identificado;Acsf2
M4;ME1W;552475;nao;Predited_only;Acsf2
M5;ME1W;552475;nao;Predited_only;Acsf2
C2-M3;ME1W;552494;sim;TFBS_identificado;RpL37a
C2-M3;ME1W;552517;sim;TFBS_identificado;RpL13
C2-M5;ME3W;552518;nao;TFBS_identificado;5-HT2B
M10;ME3W;552518;nao;Predited_only;5-HT2B
M11;ME3W;552518;nao;Predited_only;5-HT2B
M7;ME3W;552518;nao;Predited_only;5-HT2B
M8;ME3W;552518;nao;Predited_only;5-HT2B
C2-M5;ME3W;552530;nao;TFBS_identificado;nab
M13;ME3W;552530;nao;Predited_only;nab
M6;ME3W;552530;nao;Predited_only;nab
M9;ME3W;552530;nao;Predited_only;nab
C2-M3;ME1W;552531;sim;TFBS_identificado;552531
C2-M3;ME1W;552551;sim;TFBS_identificado;552551
C2-M3;ME1W;552553;sim;TFBS_identificado;552553
C2-M3;ME1W;552564;sim;TFBS_identificado;RpS7
C2-M3;ME1W;552572;sim;TFBS_identificado;eEF5
M1;ME1W;552572;nao;Predited_only;eEF5
C2-M3;ME1W;552602;nao;TFBS_identificado;CHOp24
C2-M3;ME1W;552610;sim;TFBS_identificado;COX5B
C2-M3;ME1W;552627;nao;TFBS_identificado;CPR1
C2-M3;ME1W;552628;sim;TFBS_identificado;mRpL18
C2-M3;ME1W;552632;nao;TFBS_identificado;552632
M1;ME1W;552632;nao;Predited_only;552632
C2-M3;ME1W;552641;sim;TFBS_identificado;mRpL2
M2;ME1W;552641;nao;Predited_only;mRpL2
C2-M3;ME1W;552645;nao;TFBS_identificado;Manf
M3;ME1W;552645;nao;Predited_only;Manf
C2-M3;ME1W;552649;sim;TFBS_identificado;eEF1beta
C2-M3;ME1W;552665;nao;TFBS_identificado;552665
C2-M3;ME1W;552671;sim;TFBS_identificado;UQCR-C2
C2-M3;ME1W;552682;nao;TFBS_identificado;ATPsyndelta
M4;ME1W;552692;nao;Predited_only;Daao1
C2-M3;ME1W;552699;sim;TFBS_identificado;ATPsyngamma
C1-M5;M4W;552700;nao;TFBS_identificado;Cul3
C2-M3;ME1W;552705;sim;TFBS_identificado;jagn
C2-M3;ME1W;552712;nao;TFBS_identificado;Pgd
M5;ME1W;552724;nao;Predited_only;552724
C2-M3;ME1W;552727;nao;TFBS_identificado;Tim23
C2-M3;ME1W;552741;nao;TFBS_identificado;Sem1
C2-M3;ME1W;552746;nao;TFBS_identificado;552746
C2-M3;ME1W;552769;nao;TFBS_identificado;heix
C2-M3;ME1W;552774;sim;TFBS_identificado;RpL28
C2-M3;ME1W;552779;nao;TFBS_identificado;Ubc7
C2-M3;ME1W;552781;sim;TFBS_identificado;NHP2
C1-M5;M4W;552787;nao;TFBS_identificado;Top3beta
M1;ME1W;552809;nao;Predited_only;ND-MLRQ
C2-M3;ME1W;552835;nao;TFBS_identificado;Grx5
C2-M3;ME1W;552838;sim;TFBS_identificado;Rpn12
C2-M4;ME3W;724047;nao;TFBS_identificado;Mad
C2-M5;ME3W;724047;nao;TFBS_identificado;Mad
C2-M7;ME3W;724047;nao;TFBS_identificado;Mad
M10;ME3W;724047;nao;Predited_only;Mad
M11;ME3W;724047;nao;Predited_only;Mad
M12;ME3W;724047;nao;Predited_only;Mad
M13;ME3W;724047;nao;Predited_only;Mad
M6;ME3W;724047;nao;Predited_only;Mad
M7;ME3W;724047;nao;Predited_only;Mad
M8;ME3W;724047;nao;Predited_only;Mad
M9;ME3W;724047;nao;Predited_only;Mad
C2-M3;ME1W;724142;sim;TFBS_identificado;RpL24
C2-M3;ME1W;724144;nao;TFBS_identificado;e(r)
C2-M3;ME1W;724164;sim;TFBS_identificado;mRpL30
C2-M3;ME1W;724188;sim;TFBS_identificado;Sec61beta
C2-M3;ME1W;724221;nao;TFBS_identificado;724221
C2-M3;ME1W;724233;sim;TFBS_identificado;RpS17
C2-M3;ME1W;724241;nao;TFBS_identificado;Sbat
M3;ME1W;724241;nao;Predited_only;Sbat
C2-M3;ME1W;724263;sim;TFBS_identificado;mRpL51
C2-M3;ME1W;724264;sim;TFBS_identificado;ND-B14.5AL
C2-M3;ME1W;724274;nao;TFBS_identificado;724274
M3;ME1W;724274;nao;Predited_only;724274
C2-M5;ME3W;724292;nao;TFBS_identificado;dlg1
C2-M7;ME3W;724292;nao;TFBS_identificado;dlg1
M10;ME3W;724292;nao;Predited_only;dlg1
M11;ME3W;724292;nao;Predited_only;dlg1
M6;ME3W;724292;nao;Predited_only;dlg1
M7;ME3W;724292;nao;Predited_only;dlg1
M8;ME3W;724292;nao;Predited_only;dlg1
M9;ME3W;724292;nao;Predited_only;dlg1
C2-M3;ME1W;724320;sim;TFBS_identificado;Phf5a
M4;ME1W;724320;nao;Predited_only;Phf5a
C2-M3;ME1W;724346;sim;TFBS_identificado;cnir
C2-M3;ME1W;724367;nao;TFBS_identificado;724367
M4;ME1W;724367;nao;Predited_only;724367
C2-M3;ME1W;724369;sim;TFBS_identificado;RpS25
C1-M5;M4W;724383;nao;TFBS_identificado;CenG1A
C2-M3;ME1W;724407;nao;TFBS_identificado;724407
M3;ME1W;724407;nao;Predited_only;724407
C2-M5;ME3W;724458;nao;TFBS_identificado;sc
C2-M7;ME3W;724458;nao;TFBS_identificado;sc
M10;ME3W;724458;nao;Predited_only;sc
M11;ME3W;724458;nao;Predited_only;sc
M12;ME3W;724458;nao;Predited_only;sc
M13;ME3W;724458;nao;Predited_only;sc
M6;ME3W;724458;nao;Predited_only;sc
M7;ME3W;724458;nao;Predited_only;sc
M8;ME3W;724458;nao;Predited_only;sc
M9;ME3W;724458;nao;Predited_only;sc
C2-M3;ME1W;724486;sim;TFBS_identificado;san
C2-M3;ME1W;724490;nao;TFBS_identificado;724490
M5;ME1W;724490;nao;Predited_only;724490
C2-M3;ME1W;724494;sim;TFBS_identificado;SelR
C2-M3;ME1W;724516;sim;TFBS_identificado;mRpL50
M1;ME1W;724516;nao;Predited_only;mRpL50
M4;ME1W;724516;nao;Predited_only;mRpL50
C2-M3;ME1W;724531;sim;TFBS_identificado;RpS28b
C2-M3;ME1W;724533;sim;TFBS_identificado;SmD3
M14;ME6W;724604;nao;Predited_only;724604
C2-M3;ME1W;724625;sim;TFBS_identificado;Rpb10
M4;ME1W;724625;nao;Predited_only;Rpb10
C2-M3;ME1W;724631;sim;TFBS_identificado;RpL29
C2-M3;ME1W;724638;sim;TFBS_identificado;Nop10
C2-M3;ME1W;724639;sim;TFBS_identificado;724639
C2-M3;ME1W;724649;nao;TFBS_identificado;CPR21
C2-M3;ME1W;724676;sim;TFBS_identificado;Arl1
C2-M3;ME1W;724719;sim;TFBS_identificado;NP15.6
M4;ME1W;724719;nao;Predited_only;NP15.6
M14;ME6W;724727;nao;Predited_only;724727
C2-M3;ME1W;724744;sim;TFBS_identificado;mRpS14
C2-M5;ME3W;724767;nao;TFBS_identificado;724767
M6;ME3W;724767;nao;Predited_only;724767
C2-M3;ME1W;724790;sim;TFBS_identificado;mRpL41
C2-M3;ME1W;724791;nao;TFBS_identificado;Vkor
C2-M3;ME1W;724802;sim;TFBS_identificado;724802
C2-M3;ME1W;724808;nao;TFBS_identificado;724808
M3;ME1W;724808;nao;Predited_only;724808
C2-M3;ME1W;724825;nao;TFBS_identificado;724825
C2-M3;ME1W;724827;sim;TFBS_identificado;ND-B18
C2-M3;ME1W;724868;sim;TFBS_identificado;RpS11
C2-M3;ME1W;724869;nao;TFBS_identificado;724869
C2-M3;ME1W;724874;nao;TFBS_identificado;724874
C1-M5;M4W;724888;nao;TFBS_identificado;Rassf
M1;ME1W;724909;nao;Predited_only;Ipk2
C2-M3;ME1W;724919;nao;TFBS_identificado;Marc
M1;ME1W;724919;nao;Predited_only;Marc
M2;ME1W;724919;nao;Predited_only;Marc
C2-M3;ME1W;724966;nao;TFBS_identificado;RpL39
M1;ME1W;724966;nao;Predited_only;RpL39
C2-M4;ME3W;724973;nao;TFBS_identificado;Fak
C2-M5;ME3W;724973;nao;TFBS_identificado;Fak
C2-M7;ME3W;724973;nao;TFBS_identificado;Fak
M10;ME3W;724973;nao;Predited_only;Fak
M11;ME3W;724973;nao;Predited_only;Fak
M12;ME3W;724973;nao;Predited_only;Fak
M13;ME3W;724973;nao;Predited_only;Fak
M6;ME3W;724973;nao;Predited_only;Fak
M7;ME3W;724973;nao;Predited_only;Fak
M8;ME3W;724973;nao;Predited_only;Fak
M9;ME3W;724973;nao;Predited_only;Fak
C2-M3;ME1W;724988;nao;TFBS_identificado;724988
C2-M3;ME1W;724993;nao;TFBS_identificado;724993
C2-M5;ME3W;725015;nao;TFBS_identificado;725015
C2-M7;ME3W;725015;nao;TFBS_identificado;725015
M10;ME3W;725015;nao;Predited_only;725015
M11;ME3W;725015;nao;Predited_only;725015
M12;ME3W;725015;nao;Predited_only;725015
M6;ME3W;725015;nao;Predited_only;725015
M7;ME3W;725015;nao;Predited_only;725015
M8;ME3W;725015;nao;Predited_only;725015
M9;ME3W;725015;nao;Predited_only;725015
M5;ME1W;725036;nao;Predited_only;Lsm11
C2-M3;ME1W;725059;sim;TFBS_identificado;ksh
M1;ME1W;725059;nao;Predited_only;ksh
C2-M3;ME1W;725062;sim;TFBS_identificado;mRpL4
C2-M3;ME1W;725076;sim;TFBS_identificado;CNBP
M4;ME1W;725102;nao;Predited_only;725102
M6;ME3W;725115;nao;Predited_only;hfp
C2-M4;ME3W;725126;nao;TFBS_identificado;Dsx
M6;ME3W;725126;nao;Predited_only;Dsx
M9;ME3W;725126;nao;Predited_only;Dsx
C2-M3;ME1W;725142;sim;TFBS_identificado;725142
M3;ME1W;725142;nao;Predited_only;725142
C2-M3;ME1W;725146;nao;TFBS_identificado;725146
C2-M3;ME1W;725147;sim;TFBS_identificado;RpS29
C2-M3;ME1W;725159;nao;TFBS_identificado;725159
M1;ME1W;725159;nao;Predited_only;725159
C2-M3;ME1W;725170;sim;TFBS_identificado;725170
C2-M4;ME3W;725220;nao;TFBS_identificado;HGTX
C2-M5;ME3W;725220;nao;TFBS_identificado;HGTX
C2-M7;ME3W;725220;nao;TFBS_identificado;HGTX
M10;ME3W;725220;nao;Predited_only;HGTX
M11;ME3W;725220;nao;Predited_only;HGTX
M12;ME3W;725220;nao;Predited_only;HGTX
M13;ME3W;725220;nao;Predited_only;HGTX
M6;ME3W;725220;nao;Predited_only;HGTX
M7;ME3W;725220;nao;Predited_only;HGTX
M8;ME3W;725220;nao;Predited_only;HGTX
M9;ME3W;725220;nao;Predited_only;HGTX
C2-M3;ME1W;725230;nao;TFBS_identificado;725230
C2-M3;ME1W;725240;sim;TFBS_identificado;Tim9a
M5;ME1W;725240;nao;Predited_only;Tim9a
C2-M3;ME1W;725253;sim;TFBS_identificado;QIL1
C2-M3;ME1W;725258;nao;TFBS_identificado;spidey
C2-M3;ME1W;725266;sim;TFBS_identificado;725266
C2-M3;ME1W;725272;nao;TFBS_identificado;His3:CG31613
C2-M3;ME1W;725274;nao;TFBS_identificado;scu
M11;ME3W;725284;nao;Predited_only;725284
M6;ME3W;725284;nao;Predited_only;725284
M9;ME3W;725284;nao;Predited_only;725284
M14;ME6W;725289;nao;Predited_only;725289
C2-M3;ME1W;725291;sim;TFBS_identificado;mRpS16
C2-M3;ME1W;725308;nao;TFBS_identificado;725308
M1;ME1W;725308;nao;Predited_only;725308
C2-M3;ME1W;725315;nao;TFBS_identificado;ND-B15
M3;ME1W;725315;nao;Predited_only;ND-B15
C2-M3;ME1W;725329;sim;TFBS_identificado;MESR6
C2-M4;ME3W;725331;nao;TFBS_identificado;Sidpn
C2-M5;ME3W;725331;nao;TFBS_identificado;Sidpn
C2-M7;ME3W;725331;nao;TFBS_identificado;Sidpn
M10;ME3W;725331;nao;Predited_only;Sidpn
M11;ME3W;725331;nao;Predited_only;Sidpn
M13;ME3W;725331;nao;Predited_only;Sidpn
M6;ME3W;725331;nao;Predited_only;Sidpn
M7;ME3W;725331;nao;Predited_only;Sidpn
M9;ME3W;725331;nao;Predited_only;Sidpn
C2-M3;ME1W;725344;nao;TFBS_identificado;725344
C2-M3;ME1W;725357;sim;TFBS_identificado;725357
C2-M3;ME1W;725414;nao;TFBS_identificado;725414
C2-M3;ME1W;725426;nao;TFBS_identificado;725426
M10;ME3W;725485;nao;Predited_only;725485
M7;ME3W;725485;nao;Predited_only;725485
M8;ME3W;725485;nao;Predited_only;725485
C2-M3;ME1W;725491;sim;TFBS_identificado;PIG-M
C2-M3;ME1W;725500;nao;TFBS_identificado;725500
C2-M3;ME1W;725538;nao;TFBS_identificado;mRpS28
C2-M3;ME1W;725566;nao;TFBS_identificado;SdhD
C2-M3;ME1W;725569;nao;TFBS_identificado;Efr
M3;ME1W;725569;nao;Predited_only;Efr
C2-M3;ME1W;725572;nao;TFBS_identificado;RNASEK
C2-M3;ME1W;725633;sim;TFBS_identificado;l(2)37Cg
C2-M3;ME1W;725641;nao;TFBS_identificado;725641
M5;ME1W;725641;nao;Predited_only;725641
C2-M3;ME1W;725653;nao;TFBS_identificado;Gs1l
C2-M3;ME1W;725659;sim;TFBS_identificado;mRpL35
C2-M3;ME1W;725688;sim;TFBS_identificado;725688
C2-M3;ME1W;725705;sim;TFBS_identificado;725705
C2-M3;ME1W;725710;nao;TFBS_identificado;725710
M4;ME1W;725710;nao;Predited_only;725710
C2-M3;ME1W;725743;sim;TFBS_identificado;Srp9
C2-M3;ME1W;725746;sim;TFBS_identificado;725746
M1;ME1W;725746;nao;Predited_only;725746
C1-M5;M4W;725749;nao;TFBS_identificado;725749
C2-M3;ME1W;725784;nao;TFBS_identificado;725784
C2-M3;ME1W;725797;sim;TFBS_identificado;ND-B12
C2-M5;ME3W;725829;nao;TFBS_identificado;725829
M10;ME3W;725829;nao;Predited_only;725829
M6;ME3W;725829;nao;Predited_only;725829
M8;ME3W;725829;nao;Predited_only;725829
M9;ME3W;725829;nao;Predited_only;725829
C2-M3;ME1W;725835;sim;TFBS_identificado;PolE4
C2-M3;ME1W;725880;nao;TFBS_identificado;SmF
M5;ME1W;725880;nao;Predited_only;SmF
C2-M3;ME1W;725881;nao;TFBS_identificado;ND-B14.5B
C2-M3;ME1W;725883;sim;TFBS_identificado;Ggamma1
C2-M3;ME1W;725914;nao;TFBS_identificado;725914
C2-M3;ME1W;725926;nao;TFBS_identificado;725926
C2-M3;ME1W;725936;sim;TFBS_identificado;Strn-Mlck
C2-M3;ME1W;725947;sim;TFBS_identificado;725947
M1;ME1W;725947;nao;Predited_only;725947
C2-M3;ME1W;725961;sim;TFBS_identificado;Ccdc58
C2-M3;ME1W;725973;nao;TFBS_identificado;725973
C2-M3;ME1W;725977;sim;TFBS_identificado;Sys1
C2-M3;ME1W;725980;sim;TFBS_identificado;725980
C1-M5;M4W;726002;nao;TFBS_identificado;hop
C2-M3;ME1W;726009;sim;TFBS_identificado;MCTS1
M1;ME1W;726009;nao;Predited_only;MCTS1
C2-M3;ME1W;726013;sim;TFBS_identificado;RpS20
C2-M3;ME1W;726042;sim;TFBS_identificado;levy
C2-M3;ME1W;726056;sim;TFBS_identificado;RpL21
C2-M3;ME1W;726061;sim;TFBS_identificado;Tim10
C2-M5;ME3W;726065;nao;TFBS_identificado;726065
M6;ME3W;726065;nao;Predited_only;726065
M7;ME3W;726065;nao;Predited_only;726065
C2-M3;ME1W;726117;sim;TFBS_identificado;Tpi
C2-M3;ME1W;726118;sim;TFBS_identificado;roh
C2-M3;ME1W;726120;sim;TFBS_identificado;ATPsynCF6
C1-M5;M4W;726137;nao;TFBS_identificado;msl-3
C2-M3;ME1W;726145;sim;TFBS_identificado;Ubc4
M3;ME1W;726145;nao;Predited_only;Ubc4
C2-M3;ME1W;726146;nao;TFBS_identificado;Ndufb2
C2-M3;ME1W;726151;nao;TFBS_identificado;mRpL49
C2-M3;ME1W;726184;nao;TFBS_identificado;726184
C2-M3;ME1W;726196;nao;TFBS_identificado;Ufm1
C2-M3;ME1W;726220;sim;TFBS_identificado;726220
C2-M3;ME1W;726221;sim;TFBS_identificado;726221
M1;ME1W;726221;nao;Predited_only;726221
M3;ME1W;726221;nao;Predited_only;726221
C2-M3;ME1W;726222;nao;TFBS_identificado;ATPsynG
M5;ME1W;726247;nao;Predited_only;vg
C2-M3;ME1W;726259;nao;TFBS_identificado;l(3)neo43
C2-M5;ME3W;726262;nao;TFBS_identificado;Adcy8
M12;ME3W;726262;nao;Predited_only;Adcy8
M13;ME3W;726262;nao;Predited_only;Adcy8
M6;ME3W;726262;nao;Predited_only;Adcy8
M8;ME3W;726262;nao;Predited_only;Adcy8
M9;ME3W;726262;nao;Predited_only;Adcy8
C2-M3;ME1W;726264;nao;TFBS_identificado;Mtch
C2-M3;ME1W;726270;sim;TFBS_identificado;RpS19a
C2-M3;ME1W;726277;nao;TFBS_identificado;726277
C2-M3;ME1W;726295;sim;TFBS_identificado;RpS27
C2-M3;ME1W;726297;nao;TFBS_identificado;COX7C
C2-M3;ME1W;726316;nao;TFBS_identificado;UQCR-11
M5;ME1W;726322;nao;Predited_only;726322
C2-M3;ME1W;726350;nao;TFBS_identificado;ath
M4;ME1W;726361;nao;Predited_only;Ufsp1
C2-M3;ME1W;726418;nao;TFBS_identificado;726418
C2-M3;ME1W;726439;sim;TFBS_identificado;RpS16
C2-M3;ME1W;726441;nao;TFBS_identificado;726441
C2-M3;ME1W;726447;nao;TFBS_identificado;His2B:CG17949
C2-M3;ME1W;726480;nao;TFBS_identificado;mRpL54
C2-M3;ME1W;726498;nao;TFBS_identificado;Tim8
M3;ME1W;726542;nao;Predited_only;726542
C2-M4;ME3W;726544;nao;TFBS_identificado;726544
C2-M5;ME3W;726544;nao;TFBS_identificado;726544
C2-M7;ME3W;726544;nao;TFBS_identificado;726544
M10;ME3W;726544;nao;Predited_only;726544
M12;ME3W;726544;nao;Predited_only;726544
M13;ME3W;726544;nao;Predited_only;726544
M6;ME3W;726544;nao;Predited_only;726544
M7;ME3W;726544;nao;Predited_only;726544
M8;ME3W;726544;nao;Predited_only;726544
M9;ME3W;726544;nao;Predited_only;726544
C2-M3;ME1W;726625;nao;TFBS_identificado;726625
C2-M3;ME1W;726653;nao;TFBS_identificado;726653
C2-M3;ME1W;726721;sim;TFBS_identificado;Sec61gamma
C2-M3;ME1W;726747;sim;TFBS_identificado;UQCR-Q
C2-M3;ME1W;726777;nao;TFBS_identificado;UQCR-6.4
C2-M3;ME1W;726779;nao;TFBS_identificado;mRpL33
C2-M3;ME1W;726784;nao;TFBS_identificado;726784
C2-M3;ME1W;726786;nao;TFBS_identificado;726786
C2-M4;ME3W;726790;nao;TFBS_identificado;726790
C2-M5;ME3W;726790;nao;TFBS_identificado;726790
C2-M7;ME3W;726790;nao;TFBS_identificado;726790
M10;ME3W;726790;nao;Predited_only;726790
M11;ME3W;726790;nao;Predited_only;726790
M6;ME3W;726790;nao;Predited_only;726790
M7;ME3W;726790;nao;Predited_only;726790
M8;ME3W;726790;nao;Predited_only;726790
M5;ME1W;726793;nao;Predited_only;726793
C1-M5;M4W;726817;nao;TFBS_identificado;726817
M5;ME1W;726818;nao;Predited_only;726818
C2-M4;ME3W;726829;nao;TFBS_identificado;726829
C2-M5;ME3W;726829;nao;TFBS_identificado;726829
M11;ME3W;726829;nao;Predited_only;726829
M12;ME3W;726829;nao;Predited_only;726829
M6;ME3W;726829;nao;Predited_only;726829
M7;ME3W;726829;nao;Predited_only;726829
M9;ME3W;726829;nao;Predited_only;726829
C2-M3;ME1W;726840;sim;TFBS_identificado;Bet1
M4;ME1W;726840;nao;Predited_only;Bet1
C2-M3;ME1W;726860;nao;TFBS_identificado;726860
C2-M3;ME1W;726894;sim;TFBS_identificado;EMC5
C2-M3;ME1W;726900;sim;TFBS_identificado;726900
C2-M3;ME1W;726902;nao;TFBS_identificado;726902
C2-M4;ME3W;726914;nao;TFBS_identificado;726914
C2-M5;ME3W;726914;nao;TFBS_identificado;726914
C2-M7;ME3W;726914;nao;TFBS_identificado;726914
M10;ME3W;726914;nao;Predited_only;726914
M11;ME3W;726914;nao;Predited_only;726914
M12;ME3W;726914;nao;Predited_only;726914
M13;ME3W;726914;nao;Predited_only;726914
M6;ME3W;726914;nao;Predited_only;726914
M7;ME3W;726914;nao;Predited_only;726914
M8;ME3W;726914;nao;Predited_only;726914
M9;ME3W;726914;nao;Predited_only;726914
M2;ME1W;726950;nao;Predited_only;726950
C2-M3;ME1W;726958;nao;TFBS_identificado;726958
M14;ME6W;727000;nao;Predited_only;spri
C2-M3;ME1W;727026;sim;TFBS_identificado;Cox17
C2-M3;ME1W;727049;sim;TFBS_identificado;ND-B8
C2-M3;ME1W;727074;sim;TFBS_identificado;Spase22-23
M14;ME6W;727081;nao;Predited_only;qsm
C2-M3;ME1W;727110;nao;TFBS_identificado;727110
C2-M3;ME1W;727197;nao;TFBS_identificado;CPR2
C2-M3;ME1W;727199;nao;TFBS_identificado;ND-B17.2
C2-M3;ME1W;727262;sim;TFBS_identificado;Der-1
C2-M3;ME1W;727300;nao;TFBS_identificado;primo-2
C2-M3;ME1W;727306;sim;TFBS_identificado;727306
C2-M3;ME1W;727309;nao;TFBS_identificado;Grx1
C2-M3;ME1W;727327;nao;TFBS_identificado;Tom7
C1-M5;M4W;727396;nao;TFBS_identificado;PEK
C2-M3;ME1W;727471;sim;TFBS_identificado;Naxe
C2-M3;ME1W;727473;nao;TFBS_identificado;Srp19
C2-M3;ME1W;727483;nao;TFBS_identificado;sun
C2-M3;ME1W;727568;nao;TFBS_identificado;Dad1
C2-M3;ME1W;727599;sim;TFBS_identificado;ND-18
C2-M3;ME1W;751098;nao;TFBS_identificado;Glob1
M4;ME1W;751098;nao;Predited_only;Glob1
C2-M3;ME1W;100191002;sim;TFBS_identificado;RpL41
M2;ME1W;100191002;nao;Predited_only;RpL41
M3;ME1W;100191002;nao;Predited_only;RpL41
C2-M3;ME1W;100302106;nao;TFBS_identificado;100302106
C2-M3;ME1W;100359409;sim;TFBS_identificado;COX6B
C2-M3;ME1W;100359410;nao;TFBS_identificado;Cox6c
M5;ME1W;100359410;nao;Predited_only;Cox6c
M5;ME1W;100576118;nao;Predited_only;100576118
C2-M3;ME1W;100576270;nao;TFBS_identificado;UK114
C2-M5;ME3W;100576293;nao;TFBS_identificado;Kah
C2-M7;ME3W;100576293;nao;TFBS_identificado;Kah
M10;ME3W;100576293;nao;Predited_only;Kah
M13;ME3W;100576293;nao;Predited_only;Kah
M6;ME3W;100576293;nao;Predited_only;Kah
M7;ME3W;100576293;nao;Predited_only;Kah
M9;ME3W;100576293;nao;Predited_only;Kah
C2-M5;ME3W;100576349;nao;TFBS_identificado;100576349
C2-M3;ME1W;100576447;nao;TFBS_identificado;100576447
M5;ME1W;100576447;nao;Predited_only;100576447
C2-M3;ME1W;100576467;sim;TFBS_identificado;janA
C2-M3;ME1W;100576515;nao;TFBS_identificado;100576515
C2-M3;ME1W;100576563;nao;TFBS_identificado;100576563
C2-M3;ME1W;100576736;nao;TFBS_identificado;100576736
C2-M3;ME1W;100576746;nao;TFBS_identificado;100576746
M4;ME1W;100576746;nao;Predited_only;100576746
C2-M3;ME1W;100576759;nao;TFBS_identificado;100576759
M4;ME1W;100576759;nao;Predited_only;100576759
M14;ME6W;100576826;nao;Predited_only;Tmhs
C2-M3;ME1W;100576880;nao;TFBS_identificado;100576880
C2-M5;ME3W;100576948;nao;TFBS_identificado;Rgk3
M10;ME3W;100576948;nao;Predited_only;Rgk3
M11;ME3W;100576948;nao;Predited_only;Rgk3
M12;ME3W;100576948;nao;Predited_only;Rgk3
M6;ME3W;100576948;nao;Predited_only;Rgk3
M8;ME3W;100576948;nao;Predited_only;Rgk3
M9;ME3W;100576948;nao;Predited_only;Rgk3
C2-M3;ME1W;100576967;sim;TFBS_identificado;Bin1
C2-M3;ME1W;100577000;nao;TFBS_identificado;AIMP3
M5;ME1W;100577071;nao;Predited_only;100577071
C2-M3;ME1W;100577192;sim;TFBS_identificado;Hacd1
C2-M4;ME3W;100577213;nao;TFBS_identificado;100577213
C2-M7;ME3W;100577213;nao;TFBS_identificado;100577213
M10;ME3W;100577213;nao;Predited_only;100577213
M11;ME3W;100577213;nao;Predited_only;100577213
M6;ME3W;100577213;nao;Predited_only;100577213
M8;ME3W;100577213;nao;Predited_only;100577213
M9;ME3W;100577213;nao;Predited_only;100577213
C2-M3;ME1W;100577269;nao;TFBS_identificado;100577269
M3;ME1W;100577269;nao;Predited_only;100577269
C2-M3;ME1W;100577341;sim;TFBS_identificado;100577341
C2-M4;ME3W;100577670;nao;TFBS_identificado;100577670
C2-M5;ME3W;100577670;nao;TFBS_identificado;100577670
C2-M7;ME3W;100577670;nao;TFBS_identificado;100577670
M10;ME3W;100577670;nao;Predited_only;100577670
M11;ME3W;100577670;nao;Predited_only;100577670
M12;ME3W;100577670;nao;Predited_only;100577670
M13;ME3W;100577670;nao;Predited_only;100577670
M6;ME3W;100577670;nao;Predited_only;100577670
M7;ME3W;100577670;nao;Predited_only;100577670
M8;ME3W;100577670;nao;Predited_only;100577670
M9;ME3W;100577670;nao;Predited_only;100577670
M14;ME6W;100578072;nao;Predited_only;100578072
C2-M4;ME3W;100578165;nao;TFBS_identificado;100578165
C2-M5;ME3W;100578165;nao;TFBS_identificado;100578165
C2-M7;ME3W;100578165;nao;TFBS_identificado;100578165
M10;ME3W;100578165;nao;Predited_only;100578165
M11;ME3W;100578165;nao;Predited_only;100578165
M13;ME3W;100578165;nao;Predited_only;100578165
M7;ME3W;100578165;nao;Predited_only;100578165
C2-M3;ME1W;100578243;nao;TFBS_identificado;Prosalpha1
C2-M3;ME1W;100578311;nao;TFBS_identificado;Dak1
M8;ME3W;100578321;nao;Predited_only;100578321
C2-M3;ME1W;100578343;nao;TFBS_identificado;100578343
M8;ME3W;100578355;nao;Predited_only;100578355
C2-M5;ME3W;100578498;nao;TFBS_identificado;100578498
C2-M7;ME3W;100578498;nao;TFBS_identificado;100578498
M13;ME3W;100578498;nao;Predited_only;100578498
M6;ME3W;100578498;nao;Predited_only;100578498
M9;ME3W;100578498;nao;Predited_only;100578498
C1-M5;M4W;100578537;nao;TFBS_identificado;Uvrag
C2-M3;ME1W;100578551;sim;TFBS_identificado;mRpL34
C2-M3;ME1W;100578560;sim;TFBS_identificado;mRpS18C
M3;ME1W;100578560;nao;Predited_only;mRpS18C
M14;ME6W;100578579;nao;Predited_only;100578579
C2-M3;ME1W;100578659;nao;TFBS_identificado;100578659
M14;ME6W;100578665;nao;Predited_only;100578665
C2-M3;ME1W;100578684;nao;TFBS_identificado;100578684
C2-M4;ME3W;100578706;nao;TFBS_identificado;100578706
C2-M5;ME3W;100578706;nao;TFBS_identificado;100578706
C2-M7;ME3W;100578706;nao;TFBS_identificado;100578706
M10;ME3W;100578706;nao;Predited_only;100578706
M11;ME3W;100578706;nao;Predited_only;100578706
M13;ME3W;100578706;nao;Predited_only;100578706
C2-M3;ME1W;100578725;nao;TFBS_identificado;Lamtor5
C2-M4;ME3W;100578780;nao;TFBS_identificado;100578780
C2-M5;ME3W;100578780;nao;TFBS_identificado;100578780
C2-M7;ME3W;100578780;nao;TFBS_identificado;100578780
M10;ME3W;100578780;nao;Predited_only;100578780
M11;ME3W;100578780;nao;Predited_only;100578780
M13;ME3W;100578780;nao;Predited_only;100578780
M6;ME3W;100578780;nao;Predited_only;100578780
M7;ME3W;100578780;nao;Predited_only;100578780
M9;ME3W;100578780;nao;Predited_only;100578780
C2-M3;ME1W;100578782;sim;TFBS_identificado;ox
C2-M3;ME1W;100578816;nao;TFBS_identificado;100578816
C2-M3;ME1W;100578929;nao;TFBS_identificado;100578929
C2-M3;ME1W;100578943;sim;TFBS_identificado;kud
C2-M5;ME3W;100578955;nao;TFBS_identificado;100578955
C2-M7;ME3W;100578955;nao;TFBS_identificado;100578955
M10;ME3W;100578955;nao;Predited_only;100578955
M11;ME3W;100578955;nao;Predited_only;100578955
M6;ME3W;100578955;nao;Predited_only;100578955
M7;ME3W;100578955;nao;Predited_only;100578955
M8;ME3W;100578955;nao;Predited_only;100578955
M9;ME3W;100578955;nao;Predited_only;100578955
C2-M5;ME3W;100578990;nao;TFBS_identificado;100578990
C2-M7;ME3W;100578990;nao;TFBS_identificado;100578990
M10;ME3W;100578990;nao;Predited_only;100578990
M13;ME3W;100578990;nao;Predited_only;100578990
M6;ME3W;100578990;nao;Predited_only;100578990
M7;ME3W;100578990;nao;Predited_only;100578990
M9;ME3W;100578990;nao;Predited_only;100578990
C2-M4;ME3W;100820634;nao;TFBS_identificado;eag
C2-M5;ME3W;100820634;nao;TFBS_identificado;eag
C2-M7;ME3W;100820634;nao;TFBS_identificado;eag
M10;ME3W;100820634;nao;Predited_only;eag
M11;ME3W;100820634;nao;Predited_only;eag
M6;ME3W;100820634;nao;Predited_only;eag
M7;ME3W;100820634;nao;Predited_only;eag
M8;ME3W;100820634;nao;Predited_only;eag
M9;ME3W;100820634;nao;Predited_only;eag
C2-M3;ME1W;102653614;nao;TFBS_identificado;102653614
M5;ME1W;102653614;nao;Predited_only;102653614
C2-M3;ME1W;102653862;nao;TFBS_identificado;ND-B16.6
C2-M3;ME1W;102653960;nao;TFBS_identificado;102653960
C2-M3;ME1W;102654169;nao;TFBS_identificado;ND-ACP
C2-M4;ME3W;102654521;nao;TFBS_identificado;102654521
C2-M5;ME3W;102654521;nao;TFBS_identificado;102654521
C2-M7;ME3W;102654521;nao;TFBS_identificado;102654521
M10;ME3W;102654521;nao;Predited_only;102654521
M11;ME3W;102654521;nao;Predited_only;102654521
M13;ME3W;102654521;nao;Predited_only;102654521
M6;ME3W;102654521;nao;Predited_only;102654521
M7;ME3W;102654521;nao;Predited_only;102654521
M9;ME3W;102654521;nao;Predited_only;102654521
C2-M3;ME1W;102654610;nao;TFBS_identificado;Gip
M4;ME1W;102654638;nao;Predited_only;102654638
C2-M3;ME1W;102654691;sim;TFBS_identificado;eIF1
C2-M3;ME1W;102654832;nao;TFBS_identificado;102654832
C2-M3;ME1W;102654955;sim;TFBS_identificado;ATPsynB
C2-M3;ME1W;102655203;nao;TFBS_identificado;102655203
C2-M3;ME1W;102655217;sim;TFBS_identificado;e(y)2
C2-M3;ME1W;102655243;nao;TFBS_identificado;102655243
M4;ME1W;102655243;nao;Predited_only;102655243
C2-M3;ME1W;102655272;sim;TFBS_identificado;hoip
C2-M4;ME3W;102655354;nao;TFBS_identificado;102655354
C2-M5;ME3W;102655354;nao;TFBS_identificado;102655354
C2-M7;ME3W;102655354;nao;TFBS_identificado;102655354
M10;ME3W;102655354;nao;Predited_only;102655354
M11;ME3W;102655354;nao;Predited_only;102655354
M6;ME3W;102655354;nao;Predited_only;102655354
M7;ME3W;102655354;nao;Predited_only;102655354
M8;ME3W;102655354;nao;Predited_only;102655354
C2-M3;ME1W;102655440;nao;TFBS_identificado;NdufV3
M1;ME1W;102655440;nao;Predited_only;NdufV3
C2-M3;ME1W;102655477;nao;TFBS_identificado;102655477
C2-M3;ME1W;102655603;sim;TFBS_identificado;p24-1
M3;ME1W;102655603;nao;Predited_only;p24-1
C2-M3;ME1W;102655673;sim;TFBS_identificado;blp
C2-M4;ME3W;102655706;nao;TFBS_identificado;102655706
C2-M5;ME3W;102655706;nao;TFBS_identificado;102655706
C2-M7;ME3W;102655706;nao;TFBS_identificado;102655706
M10;ME3W;102655706;nao;Predited_only;102655706
M13;ME3W;102655706;nao;Predited_only;102655706
M6;ME3W;102655706;nao;Predited_only;102655706
M7;ME3W;102655706;nao;Predited_only;102655706
M8;ME3W;102655706;nao;Predited_only;102655706
M9;ME3W;102655706;nao;Predited_only;102655706
C2-M5;ME3W;102655865;nao;TFBS_identificado;102655865
M11;ME3W;102655865;nao;Predited_only;102655865
M12;ME3W;102655865;nao;Predited_only;102655865
M6;ME3W;102655865;nao;Predited_only;102655865
M8;ME3W;102655865;nao;Predited_only;102655865
M9;ME3W;102655865;nao;Predited_only;102655865
C2-M3;ME1W;102655896;sim;TFBS_identificado;Nlp
C2-M3;ME1W;102655904;sim;TFBS_identificado;Rpb8
C2-M3;ME1W;102655950;nao;TFBS_identificado;Pex2
M5;ME1W;102656008;nao;Predited_only;Hr83
C2-M3;ME1W;102656130;nao;TFBS_identificado;102656130
C1-M5;M4W;102656142;nao;TFBS_identificado;102656142
C2-M3;ME1W;102656183;sim;TFBS_identificado;HINT1
C2-M3;ME1W;102656196;nao;TFBS_identificado;102656196
C2-M3;ME1W;102656425;nao;TFBS_identificado;102656425
C2-M3;ME1W;102656442;nao;TFBS_identificado;Sf3b5
C1-M5;M4W;102656657;nao;TFBS_identificado;102656657
C2-M3;ME1W;102656685;sim;TFBS_identificado;mRpL42
C2-M3;ME1W;102656890;sim;TFBS_identificado;cl
C2-M4;ME3W;107964028;nao;TFBS_identificado;107964028
C2-M5;ME3W;107964028;nao;TFBS_identificado;107964028
C2-M7;ME3W;107964028;nao;TFBS_identificado;107964028
M10;ME3W;107964028;nao;Predited_only;107964028
M11;ME3W;107964028;nao;Predited_only;107964028
M12;ME3W;107964028;nao;Predited_only;107964028
M13;ME3W;107964028;nao;Predited_only;107964028
M6;ME3W;107964028;nao;Predited_only;107964028
M7;ME3W;107964028;nao;Predited_only;107964028
M9;ME3W;107964028;nao;Predited_only;107964028
C2-M3;ME1W;107964035;nao;TFBS_identificado;107964035
C2-M3;ME1W;107964104;nao;TFBS_identificado;107964104
C2-M3;ME1W;107964134;nao;TFBS_identificado;107964134
M14;ME6W;107964343;nao;Predited_only;107964343
C2-M3;ME1W;107964436;sim;TFBS_identificado;107964436
C2-M3;ME1W;107964997;nao;TFBS_identificado;107964997
C2-M3;ME1W;107965036;nao;TFBS_identificado;107965036
M4;ME1W;107965036;nao;Predited_only;107965036
C2-M5;ME3W;107965037;nao;TFBS_identificado;107965037
M10;ME3W;107965037;nao;Predited_only;107965037
M11;ME3W;107965037;nao;Predited_only;107965037
M6;ME3W;107965037;nao;Predited_only;107965037
M7;ME3W;107965037;nao;Predited_only;107965037
M8;ME3W;107965037;nao;Predited_only;107965037
M9;ME3W;107965037;nao;Predited_only;107965037
C2-M3;ME1W;107965038;nao;TFBS_identificado;ZnT35C
M4;ME1W;107965038;nao;Predited_only;ZnT35C
C2-M4;ME3W;107965486;nao;TFBS_identificado;107965486
C2-M5;ME3W;107965486;nao;TFBS_identificado;107965486
C2-M7;ME3W;107965486;nao;TFBS_identificado;107965486
M10;ME3W;107965486;nao;Predited_only;107965486
M11;ME3W;107965486;nao;Predited_only;107965486
M12;ME3W;107965486;nao;Predited_only;107965486
M13;ME3W;107965486;nao;Predited_only;107965486
M6;ME3W;107965486;nao;Predited_only;107965486
M7;ME3W;107965486;nao;Predited_only;107965486
M9;ME3W;107965486;nao;Predited_only;107965486
C2-M3;ME1W;107965674;sim;TFBS_identificado;mRpL55
M10;ME3W;113218526;nao;Predited_only;113218526
M11;ME3W;113218526;nao;Predited_only;113218526
M6;ME3W;113218526;nao;Predited_only;113218526
C2-M3;ME1W;113218566;sim;TFBS_identificado;KdelR
M1;ME1W;113218566;nao;Predited_only;KdelR
C2-M3;ME1W;113218576;sim;TFBS_identificado;113218576
M1;ME1W;113218576;nao;Predited_only;113218576
C2-M4;ME3W;113218605;nao;TFBS_identificado;sals
C2-M5;ME3W;113218605;nao;TFBS_identificado;sals
C2-M7;ME3W;113218605;nao;TFBS_identificado;sals
M11;ME3W;113218605;nao;Predited_only;sals
M12;ME3W;113218605;nao;Predited_only;sals
M6;ME3W;113218605;nao;Predited_only;sals
M7;ME3W;113218605;nao;Predited_only;sals
M8;ME3W;113218605;nao;Predited_only;sals
M9;ME3W;113218605;nao;Predited_only;sals
C2-M3;ME1W;113218623;sim;TFBS_identificado;113218623
M10;ME3W;113218626;nao;Predited_only;113218626
M6;ME3W;113218626;nao;Predited_only;113218626
M8;ME3W;113218626;nao;Predited_only;113218626
C2-M3;ME1W;113218630;nao;TFBS_identificado;113218630
C2-M3;ME1W;113218716;nao;TFBS_identificado;113218716
M14;ME6W;113218723;nao;Predited_only;Akap200
C2-M7;ME3W;113218777;nao;TFBS_identificado;113218777
M10;ME3W;113218777;nao;Predited_only;113218777
M11;ME3W;113218777;nao;Predited_only;113218777
M6;ME3W;113218777;nao;Predited_only;113218777
M8;ME3W;113218777;nao;Predited_only;113218777
M9;ME3W;113218777;nao;Predited_only;113218777
C2-M3;ME1W;113218840;sim;TFBS_identificado;113218840
C2-M3;ME1W;113218950;nao;TFBS_identificado;113218950
C2-M4;ME3W;113218954;nao;TFBS_identificado;113218954
C2-M7;ME3W;113218954;nao;TFBS_identificado;113218954
M10;ME3W;113218954;nao;Predited_only;113218954
M11;ME3W;113218954;nao;Predited_only;113218954
M13;ME3W;113218954;nao;Predited_only;113218954
M6;ME3W;113218954;nao;Predited_only;113218954
M7;ME3W;113218954;nao;Predited_only;113218954
M8;ME3W;113218954;nao;Predited_only;113218954
M9;ME3W;113218954;nao;Predited_only;113218954
C2-M3;ME1W;113218983;sim;TFBS_identificado;113218983
C2-M4;ME3W;113219057;nao;TFBS_identificado;113219057
C2-M5;ME3W;113219057;nao;TFBS_identificado;113219057
C2-M7;ME3W;113219057;nao;TFBS_identificado;113219057
M10;ME3W;113219057;nao;Predited_only;113219057
M12;ME3W;113219057;nao;Predited_only;113219057
M13;ME3W;113219057;nao;Predited_only;113219057
M6;ME3W;113219057;nao;Predited_only;113219057
M7;ME3W;113219057;nao;Predited_only;113219057
M8;ME3W;113219057;nao;Predited_only;113219057
M9;ME3W;113219057;nao;Predited_only;113219057
C2-M3;ME1W;113219111;sim;TFBS_identificado;ppl
C2-M4;ME3W;113219182;nao;TFBS_identificado;113219182
C2-M5;ME3W;113219182;nao;TFBS_identificado;113219182
M6;ME3W;113219182;nao;Predited_only;113219182
M8;ME3W;113219182;nao;Predited_only;113219182
M9;ME3W;113219182;nao;Predited_only;113219182
M10;ME3W;113219237;nao;Predited_only;113219237
M7;ME3W;113219237;nao;Predited_only;113219237
M9;ME3W;113219237;nao;Predited_only;113219237
M10;ME3W;113219398;nao;Predited_only;113219398
M11;ME3W;113219398;nao;Predited_only;113219398
C2-M3;ME1W;113219410;nao;TFBS_identificado;113219410
